"fiscalDateEnding","reportedCurrency","totalAssets","totalCurrentAssets","cashAndCashEquivalentsAtCarryingValue","cashAndShortTermInvestments","inventory","currentNetReceivables","totalNonCurrentAssets","propertyPlantEquipment","accumulatedDepreciationAmortizationPPE","intangibleAssets","intangibleAssetsExcludingGoodwill","goodwill","investments","longTermInvestments","shortTermInvestments","otherCurrentAssets","otherNonCurrentAssets","totalLiabilities","totalCurrentLiabilities","currentAccountsPayable","deferredRevenue","currentDebt","shortTermDebt","totalNonCurrentLiabilities","capitalLeaseObligations","longTermDebt","currentLongTermDebt","longTermDebtNoncurrent","shortLongTermDebtTotal","otherCurrentLiabilities","otherNonCurrentLiabilities","totalShareholderEquity","treasuryStock","retainedEarnings","commonStock","commonStockSharesOutstanding"
"2022-12-31","USD","364552000000","157823000000","15646000000","99508000000","2980000000","36378000000","210929000000","82755000000","63459000000","78259000000","10354000000","67905000000","91155000000","7097000000","83862000000","19502000000","24994000000","181416000000","81718000000","15354000000","79252000000","3997000000","3997000000","99698000000","11998000000","48116000000","3997000000","44119000000","48116000000","12802000000","16479000000","183136000000","None","99368000000","90225000000","7447000000"
"2022-09-30","USD","359784000000","160812000000","22884000000","107262000000","4268000000","32015000000","202772000000","77037000000","60638000000","78267000000","10808000000","67459000000","99146000000","6839000000","84378000000","18003000000","23482000000","186218000000","87389000000","16609000000","87778000000","3248000000","3248000000","98829000000","11660000000","48622000000","3248000000","45374000000","48622000000","12058000000","15311000000","173566000000","None","92374000000","88535000000","7457000000"
"2022-06-30","USD","364840000000","169684000000","13931000000","104757000000","3742000000","45261000000","198956000000","74398000000","59660000000","78822000000","11298000000","67524000000","95583000000","6891000000","90826000000","16924000000","21897000000","198298000000","95082000000","19000000000","96816000000","2749000000","2749000000","103216000000","11489000000","49781000000","2749000000","47032000000","49781000000","13067000000","15526000000","166542000000","None","84281000000","86939000000","7464000000"
"2022-03-31","USD","344607000000","153922000000","12498000000","104693000000","3296000000","33613000000","194285000000","70298000000","58053000000","78719000000","11348000000","67371000000","96125000000","6907000000","92195000000","13320000000","21845000000","181683000000","77439000000","16085000000","73592000000","1749000000","1749000000","104244000000","11357000000","49926000000","1749000000","48177000000","49926000000","11865000000","15154000000","162924000000","None","79633000000","85767000000","7483000000"
"2021-12-31","USD","340389000000","174188000000","20604000000","125369000000","3019000000","34507000000","169701000000","67214000000","55277000000","58383000000","7462000000","50921000000","118260000000","6994000000","104765000000","12280000000","21256000000","180379000000","77510000000","15314000000","73538000000","4998000000","4998000000","102869000000","10774000000","53258000000","4998000000","48260000000","53258000000","11684000000","14747000000","160010000000","None","75045000000","84528000000","7500000000"
"2021-09-30","USD","335418000000","174326000000","19165000000","130615000000","3411000000","28203000000","164492000000","63772000000","52469000000","58249000000","7794000000","50455000000","122731000000","6393000000","111450000000","12951000000","21103000000","183440000000","80528000000","14832000000","82030000000","3249000000","3249000000","102912000000","10050000000","53288000000","3249000000","50039000000","53288000000","10816000000","14346000000","151978000000","None","66944000000","83751000000","7510000000"
"2021-06-30","USD","333779000000","184406000000","14224000000","130334000000","2636000000","39008000000","152773000000","59715000000","51351000000","57511000000","7800000000","49711000000","122266000000","5984000000","116110000000","13393000000","15075000000","191791000000","88657000000","15163000000","88282000000","8072000000","8072000000","103134000000","9629000000","58146000000","8072000000","50074000000","58146000000","11666000000","13427000000","141988000000","None","57055000000","83111000000","7519000000"
"2021-03-31","USD","308879000000","165614000000","13702000000","125407000000","2245000000","27129000000","146065000000","54945000000","49681000000","57825000000","8127000000","49698000000","118220000000","5395000000","111705000000","11640000000","14427000000","174374000000","72193000000","13412000000","65428000000","8051000000","8051000000","102181000000","9272000000","58058000000","8051000000","50007000000","58058000000","10450000000","12941000000","134505000000","None","50735000000","82308000000","7534000000"
"2020-12-31","USD","304137000000","173973000000","14432000000","131968000000","1924000000","28020000000","133064000000","51737000000","47715000000","50774000000","6555000000","44219000000","125914000000","3794000000","117536000000","12769000000","13561000000","173901000000","67486000000","12770000000","66774000000","5387000000","5387000000","106415000000","8875000000","60523000000","5387000000","55136000000","60523000000","10527000000","12544000000","130236000000","None","44973000000","81896000000","7546000000"
"2020-09-30","USD","301001000000","177077000000","17205000000","137977000000","2705000000","23951000000","126624000000","47927000000","45417000000","50813000000","6923000000","43890000000","131702000000","3103000000","120772000000","13544000000","13034000000","177609000000","70056000000","12509000000","72610000000","6497000000","6497000000","107553000000","7753000000","63552000000","6497000000","57055000000","63552000000","9476000000","11525000000","123392000000","None","39193000000","81089000000","7564000000"
"2020-06-30","USD","301311000000","181915000000","13576000000","136527000000","1895000000","32011000000","122096000000","44151000000","43197000000","50389000000","7038000000","43351000000","130044000000","2965000000","122951000000","11482000000","13138000000","183007000000","72310000000","12530000000","78360000000","3749000000","3749000000","110697000000","7671000000","63327000000","3749000000","59578000000","63327000000","10027000000","10632000000","118304000000","None","34566000000","80552000000","7571000000"
"2020-03-31","USD","285449000000","170505000000","11710000000","137626000000","1644000000","22699000000","117444000000","41221000000","41512000000","48919000000","6855000000","42064000000","132104000000","2660000000","125916000000","8536000000","13696000000","170948000000","58707000000","9246000000","60794000000","3748000000","3748000000","112241000000","7248000000","66610000000","3748000000","62862000000","66610000000","9151000000","9673000000","114501000000","None","32012000000","79813000000","7590000000"
"2019-12-31","USD","282794000000","167074000000","8864000000","134253000000","1823000000","23525000000","118120000000","40522000000","39597000000","49374000000","7126000000","42248000000","129483000000","2755000000","125389000000","7473000000","14630000000","172685000000","59640000000","8811000000","62442000000","6247000000","6247000000","113045000000","7172000000","69608000000","6247000000","63361000000","69608000000","9131000000","9658000000","110109000000","None","30739000000","79625000000","7611000000"
"2019-09-30","USD","278955000000","165896000000","13117000000","136636000000","2622000000","19087000000","115359000000","38409000000","36971000000","49621000000","7508000000","42113000000","131971000000","2684000000","123519000000","7551000000","14455000000","172894000000","58118000000","8574000000","68052000000","3017000000","3017000000","114776000000","6659000000","69495000000","3017000000","66478000000","69495000000","8507000000","8826000000","106061000000","None","27240000000","78882000000","7634000000"
"2019-06-30","USD","286556000000","175552000000","11356000000","133819000000","2063000000","29524000000","105825000000","36477000000","35330000000","49776000000","7750000000","42026000000","129789000000","2649000000","122463000000","10146000000","14723000000","184226000000","69420000000","9382000000","74412000000","5516000000","0","108618000000","6188000000","72178000000","5516000000","66662000000","72200000000","9351000000","7581000000","102330000000","None","24150000000","78520000000","7643000000"
"2019-03-31","USD","263281000000","159887000000","11212000000","131618000000","1951000000","19269000000","98273000000","33648000000","35431000000","49964000000","8103000000","41861000000","127455000000","2403000000","120406000000","7049000000","10258000000","168417000000","53861000000","7544000000","None","6515000000","0","108584000000","5972000000","73100000000","6515000000","66585000000","73100000000","7837000000","6763000000","94864000000","None","18338000000","77791000000","7666000000"
"2018-12-31","USD","258859000000","156874000000","6638000000","127662000000","1961000000","19680000000","97079000000","32717000000","33082000000","50059000000","8482000000","41577000000","124407000000","2274000000","121024000000","7571000000","10129000000","166731000000","50318000000","7563000000","None","3516000000","0","110730000000","None","73200000000","3516000000","69653000000","73200000000","8297000000","6055000000","92128000000","None","16585000000","77556000000","7683000000"
"2018-09-30","USD","257619000000","164195000000","15137000000","135880000000","3614000000","17390000000","88490000000","31430000000","30953000000","43434000000","7579000000","35855000000","131941000000","2034000000","120743000000","7311000000","9792000000","171652000000","56277000000","8511000000","None","6497000000","0","109723000000","None","76200000000","6497000000","69733000000","76200000000","7953000000","5539000000","85967000000","None","17279000000","71303000000","7680000000"
"2018-06-30","USD","258848000000","169662000000","11946000000","133768000000","2662000000","26481000000","84300000000","29460000000","29223000000","43736000000","8053000000","35683000000","129579000000","1862000000","121822000000","6751000000","7442000000","176130000000","58488000000","8617000000","None","3998000000","0","112074000000","None","76200000000","3998000000","72242000000","76200000000","8744000000","5211000000","82718000000","None","13682000000","71223000000","7677000000"
"2018-03-31","USD","245497000000","156659000000","9221000000","132270000000","2084000000","17208000000","83579000000","27929000000","28377000000","44126000000","8544000000","35582000000","135088000000","2818000000","123049000000","5097000000","7106000000","166258000000","46133000000","7623000000","23955000000","3677000000","230000000","114374000000","None","76900000000","3447000000","73480000000","77130000000","7500000000","5223000000","79239000000","None","9974000000","70418000000","7690000000"
